Title,Specialization,Salary,Age,Employment,Work schedule,Experience years,Experience month,Citizenship,Sex
Frontend-—Ä–∞–∑—Ä–∞–±–æ—Ç—á–∏–∫(React),"['–ü—Ä–æ–≥—Ä–∞–º–º–∏—Å—Ç, —Ä–∞–∑—Ä–∞–±–æ—Ç—á–∏–∫']",305500.0,30,,,2,8,–†–æ—Å—Å–∏—è,True
Frontend-—Ä–∞–∑—Ä–∞–±–æ—Ç—á–∏–∫,"['–ü—Ä–æ–≥—Ä–∞–º–º–∏—Å—Ç, —Ä–∞–∑—Ä–∞–±–æ—Ç—á–∏–∫']",305500.0,,,,10,,–ö–∞–∑–∞—Ö—Å—Ç–∞–Ω,True
"React.js developer (JavaScript, React)","['–ü—Ä–æ–≥—Ä–∞–º–º–∏—Å—Ç, —Ä–∞–∑—Ä–∞–±–æ—Ç—á–∏–∫']",,38,"—Å—Ç–∞–∂–∏—Ä–æ–≤–∫–∞, —á–∞—Å—Ç–∏—á–Ω–∞—è –∑–∞–Ω—è—Ç–æ—Å—Ç—å, –ø–æ–ª–Ω–∞—è –∑–∞–Ω—è—Ç–æ—Å—Ç—å","–ø–æ–ª–Ω—ã–π –¥–µ–Ω—å, —É–¥–∞–ª–µ–Ω–Ω–∞—è —Ä–∞–±–æ—Ç–∞",17,11,–ö–∞–∑–∞—Ö—Å—Ç–∞–Ω,True
Middle Frontend Developer (ReactJS + TypeScript),"['–ü—Ä–æ–≥—Ä–∞–º–º–∏—Å—Ç, —Ä–∞–∑—Ä–∞–±–æ—Ç—á–∏–∫']",824850.0,25,,,2,10,"–ê—Ä–º–µ–Ω–∏—è, –ö–∞–∑–∞—Ö—Å—Ç–∞–Ω",True
React developer,"['–ü—Ä–æ–≥—Ä–∞–º–º–∏—Å—Ç, —Ä–∞–∑—Ä–∞–±–æ—Ç—á–∏–∫']",488800.0,27,,,1,9,–†–æ—Å—Å–∏—è,True
Frontend-—Ä–∞–∑—Ä–∞–±–æ—Ç—á–∏–∫,"['Programmer, developer']",,28, full time,full day,3,4,–†–æ—Å—Å–∏—è,False
Frontend —Ä–∞–∑—Ä–∞–±–æ—Ç—á–∏–∫ (React js),"['–ü—Ä–æ–≥—Ä–∞–º–º–∏—Å—Ç, —Ä–∞–∑—Ä–∞–±–æ—Ç—á–∏–∫']",,24,"—á–∞—Å—Ç–∏—á–Ω–∞—è –∑–∞–Ω—è—Ç–æ—Å—Ç—å, –ø–æ–ª–Ω–∞—è –∑–∞–Ω—è—Ç–æ—Å—Ç—å","–≥–∏–±–∫–∏–π –≥—Ä–∞—Ñ–∏–∫, –ø–æ–ª–Ω—ã–π –¥–µ–Ω—å, —Å–º–µ–Ω–Ω—ã–π –≥—Ä–∞—Ñ–∏–∫, —É–¥–∞–ª–µ–Ω–Ω–∞—è —Ä–∞–±–æ—Ç–∞",4,1,–ö–∞–∑–∞—Ö—Å—Ç–∞–Ω,True
Full Stack Developer (React),"['Programmer, developer']",404478.0,19,,,1,8,–£–∑–±–µ–∫–∏—Å—Ç–∞–Ω,False
Frontend-—Ä–∞–∑—Ä–∞–±–æ—Ç—á–∏–∫,"['–ü—Ä–æ–≥—Ä–∞–º–º–∏—Å—Ç, —Ä–∞–∑—Ä–∞–±–æ—Ç—á–∏–∫']",,25,"—á–∞—Å—Ç–∏—á–Ω–∞—è –∑–∞–Ω—è—Ç–æ—Å—Ç—å, –ø—Ä–æ–µ–∫—Ç–Ω–∞—è —Ä–∞–±–æ—Ç–∞, –ø–æ–ª–Ω–∞—è –∑–∞–Ω—è—Ç–æ—Å—Ç—å","–≥–∏–±–∫–∏–π –≥—Ä–∞—Ñ–∏–∫, –ø–æ–ª–Ω—ã–π –¥–µ–Ω—å, —Å–º–µ–Ω–Ω—ã–π –≥—Ä–∞—Ñ–∏–∫, —É–¥–∞–ª–µ–Ω–Ω–∞—è —Ä–∞–±–æ—Ç–∞",6,2,–ö–∞–∑–∞—Ö—Å—Ç–∞–Ω,True
Data analyst,"['–ê–Ω–∞–ª–∏—Ç–∏–∫', '–ü—Ä–æ–≥—Ä–∞–º–º–∏—Å—Ç, —Ä–∞–∑—Ä–∞–±–æ—Ç—á–∏–∫', '–î–∞—Ç–∞-—Å–∞–π–µ–Ω—Ç–∏—Å—Ç']",,23,"—á–∞—Å—Ç–∏—á–Ω–∞—è –∑–∞–Ω—è—Ç–æ—Å—Ç—å, –ø—Ä–æ–µ–∫—Ç–Ω–∞—è —Ä–∞–±–æ—Ç–∞, –ø–æ–ª–Ω–∞—è –∑–∞–Ω—è—Ç–æ—Å—Ç—å","–≥–∏–±–∫–∏–π –≥—Ä–∞—Ñ–∏–∫, –ø–æ–ª–Ω—ã–π –¥–µ–Ω—å, —Å–º–µ–Ω–Ω—ã–π –≥—Ä–∞—Ñ–∏–∫, —É–¥–∞–ª–µ–Ω–Ω–∞—è —Ä–∞–±–æ—Ç–∞",1,4,–ö–∞–∑–∞—Ö—Å—Ç–∞–Ω,True
Frontend-—Ä–∞–∑—Ä–∞–±–æ—Ç—á–∏–∫,"['Programmer, developer']",,28, full time,full day,3,9,–ö–∞–∑–∞—Ö—Å—Ç–∞–Ω,False
"Web-–ø—Ä–æ–≥—Ä–∞–º–º–∏—Å—Ç, java script-—Ä–∞–∑—Ä–∞–±–æ—Ç—á–∏–∫, React-—Ä–∞–∑—Ä–∞–±–æ—Ç—á–∏–∫, –≤–µ—Ä—Å—Ç–∞–ª—å—â–∏–∫, frontend-—Ä–∞–∑—Ä–∞–±–æ—Ç—á–∏–∫","['–ü—Ä–æ–≥—Ä–∞–º–º–∏—Å—Ç, —Ä–∞–∑—Ä–∞–±–æ—Ç—á–∏–∫']",,37,"–ø—Ä–æ–µ–∫—Ç–Ω–∞—è —Ä–∞–±–æ—Ç–∞, —á–∞—Å—Ç–∏—á–Ω–∞—è –∑–∞–Ω—è—Ç–æ—Å—Ç—å, –ø–æ–ª–Ω–∞—è –∑–∞–Ω—è—Ç–æ—Å—Ç—å","—É–¥–∞–ª–µ–Ω–Ω–∞—è —Ä–∞–±–æ—Ç–∞, –≥–∏–±–∫–∏–π –≥—Ä–∞—Ñ–∏–∫, –ø–æ–ª–Ω—ã–π –¥–µ–Ω—å, —Å–º–µ–Ω–Ω—ã–π –≥—Ä–∞—Ñ–∏–∫",6,2,–ö–∞–∑–∞—Ö—Å—Ç–∞–Ω,True
"Frontend-—Ä–∞–∑—Ä–∞–±–æ—Ç—á–∏–∫(React, Redux, Typescript)","['–ü—Ä–æ–≥—Ä–∞–º–º–∏—Å—Ç, —Ä–∞–∑—Ä–∞–±–æ—Ç—á–∏–∫']",,,"—Å—Ç–∞–∂–∏—Ä–æ–≤–∫–∞, –ø–æ–ª–Ω–∞—è –∑–∞–Ω—è—Ç–æ—Å—Ç—å","–ø–æ–ª–Ω—ã–π –¥–µ–Ω—å, —É–¥–∞–ª–µ–Ω–Ω–∞—è —Ä–∞–±–æ—Ç–∞",12,,–ö–∞–∑–∞—Ö—Å—Ç–∞–Ω,True
Frontend-—Ä–∞–∑—Ä–∞–±–æ—Ç—á–∏–∫ React,"['–ü—Ä–æ–≥—Ä–∞–º–º–∏—Å—Ç, —Ä–∞–∑—Ä–∞–±–æ—Ç—á–∏–∫']",120000,20,,,,,–ö–∞–∑–∞—Ö—Å—Ç–∞–Ω,True
"Frontend-—Ä–∞–∑—Ä–∞–±–æ—Ç—á–∏–∫ , Vue js, React js(—É–¥–∞–ª–µ–Ω–Ω–æ )","['–ü—Ä–æ–≥—Ä–∞–º–º–∏—Å—Ç, —Ä–∞–∑—Ä–∞–±–æ—Ç—á–∏–∫']",,23,"—á–∞—Å—Ç–∏—á–Ω–∞—è –∑–∞–Ω—è—Ç–æ—Å—Ç—å, –ø—Ä–æ–µ–∫—Ç–Ω–∞—è —Ä–∞–±–æ—Ç–∞",—É–¥–∞–ª–µ–Ω–Ω–∞—è —Ä–∞–±–æ—Ç–∞,2,7,–ö–∞–∑–∞—Ö—Å—Ç–∞–Ω,True
"–§—Ä–æ–Ω—Ç–µ–Ω–¥ react, javascript —Ä–∞–∑—Ä–∞–±–æ—Ç—á–∏–∫","['–î—Ä—É–≥–æ–µ', '–ü—Ä–æ–≥—Ä–∞–º–º–∏—Å—Ç, —Ä–∞–∑—Ä–∞–±–æ—Ç—á–∏–∫']",305500.0,28,,,3,2,–¢—É—Ä–∫–º–µ–Ω–∏—Å—Ç–∞–Ω,True
React frontend developer,"['–ü—Ä–æ–≥—Ä–∞–º–º–∏—Å—Ç, —Ä–∞–∑—Ä–∞–±–æ—Ç—á–∏–∫']",611000.0,22,,,1,7,–ö–∞–∑–∞—Ö—Å—Ç–∞–Ω,True
Frontend Developer (ReactJS),"['–ü—Ä–æ–≥—Ä–∞–º–º–∏—Å—Ç, —Ä–∞–∑—Ä–∞–±–æ—Ç—á–∏–∫']",,32,–ø–æ–ª–Ω–∞—è –∑–∞–Ω—è—Ç–æ—Å—Ç—å,–ø–æ–ª–Ω—ã–π –¥–µ–Ω—å,10,3,–ö–∞–∑–∞—Ö—Å—Ç–∞–Ω,True
Frontend Developer (ReactJS),"['–†—É–∫–æ–≤–æ–¥–∏—Ç–µ–ª—å –≥—Ä—É–ø–ø—ã —Ä–∞–∑—Ä–∞–±–æ—Ç–∫–∏', '–ü—Ä–æ–≥—Ä–∞–º–º–∏—Å—Ç, —Ä–∞–∑—Ä–∞–±–æ—Ç—á–∏–∫']",700000,22,,,4,3,–ö–∞–∑–∞—Ö—Å—Ç–∞–Ω,True
"Frontend-developer (React, Vue)","['–ü—Ä–æ–≥—Ä–∞–º–º–∏—Å—Ç, —Ä–∞–∑—Ä–∞–±–æ—Ç—á–∏–∫']",,23,"—á–∞—Å—Ç–∏—á–Ω–∞—è –∑–∞–Ω—è—Ç–æ—Å—Ç—å, –ø—Ä–æ–µ–∫—Ç–Ω–∞—è —Ä–∞–±–æ—Ç–∞, –ø–æ–ª–Ω–∞—è –∑–∞–Ω—è—Ç–æ—Å—Ç—å","–≥–∏–±–∫–∏–π –≥—Ä–∞—Ñ–∏–∫, —É–¥–∞–ª–µ–Ω–Ω–∞—è —Ä–∞–±–æ—Ç–∞",3,6,–ö–∞–∑–∞—Ö—Å—Ç–∞–Ω,True
Angular/React/Vue Developer,"['–ü—Ä–æ–≥—Ä–∞–º–º–∏—Å—Ç, —Ä–∞–∑—Ä–∞–±–æ—Ç—á–∏–∫']",,21,"—á–∞—Å—Ç–∏—á–Ω–∞—è –∑–∞–Ω—è—Ç–æ—Å—Ç—å, –ø—Ä–æ–µ–∫—Ç–Ω–∞—è —Ä–∞–±–æ—Ç–∞, –ø–æ–ª–Ω–∞—è –∑–∞–Ω—è—Ç–æ—Å—Ç—å","–≥–∏–±–∫–∏–π –≥—Ä–∞—Ñ–∏–∫, –ø–æ–ª–Ω—ã–π –¥–µ–Ω—å, —Å–º–µ–Ω–Ω—ã–π –≥—Ä–∞—Ñ–∏–∫, —É–¥–∞–ª–µ–Ω–Ω–∞—è —Ä–∞–±–æ—Ç–∞",1,9,–ö–∞–∑–∞—Ö—Å—Ç–∞–Ω,True
Front end (React | TS) üíª | Mobile ( React native | Typescript) üì± | Backend (Node | Typescript),"['–ü—Ä–æ–≥—Ä–∞–º–º–∏—Å—Ç, —Ä–∞–∑—Ä–∞–±–æ—Ç—á–∏–∫', '–°–ø–µ—Ü–∏–∞–ª–∏—Å—Ç —Ç–µ—Ö–Ω–∏—á–µ—Å–∫–æ–π –ø–æ–¥–¥–µ—Ä–∂–∫–∏']",,22,"—á–∞—Å—Ç–∏—á–Ω–∞—è –∑–∞–Ω—è—Ç–æ—Å—Ç—å, –ø—Ä–æ–µ–∫—Ç–Ω–∞—è —Ä–∞–±–æ—Ç–∞, –ø–æ–ª–Ω–∞—è –∑–∞–Ω—è—Ç–æ—Å—Ç—å","–≥–∏–±–∫–∏–π –≥—Ä–∞—Ñ–∏–∫, –ø–æ–ª–Ω—ã–π –¥–µ–Ω—å, —É–¥–∞–ª–µ–Ω–Ω–∞—è —Ä–∞–±–æ—Ç–∞",2,6,–ö—ã—Ä–≥—ã–∑—Å—Ç–∞–Ω,True
Ruby Developer,"['Programmer, developer']",1572970.0,51,,,7,10,–ö–∞–∑–∞—Ö—Å—Ç–∞–Ω,False
"Frontend-—Ä–∞–∑—Ä–∞–±–æ—Ç—á–∏–∫ (React, Vue) - Middle","['–ü—Ä–æ–≥—Ä–∞–º–º–∏—Å—Ç, —Ä–∞–∑—Ä–∞–±–æ—Ç—á–∏–∫']",916500.0,26,,,5,4,–†–æ—Å—Å–∏—è,True
"Frontend developer (React, Vue, TS)","['–ü—Ä–æ–≥—Ä–∞–º–º–∏—Å—Ç, —Ä–∞–∑—Ä–∞–±–æ—Ç—á–∏–∫']",1123550.0,23,,,2,7,–ö–∞–∑–∞—Ö—Å—Ç–∞–Ω,True
Frontend developer (React),"['–ü—Ä–æ–≥—Ä–∞–º–º–∏—Å—Ç, —Ä–∞–∑—Ä–∞–±–æ—Ç—á–∏–∫']",,29,"—á–∞—Å—Ç–∏—á–Ω–∞—è –∑–∞–Ω—è—Ç–æ—Å—Ç—å, –ø–æ–ª–Ω–∞—è –∑–∞–Ω—è—Ç–æ—Å—Ç—å","–≥–∏–±–∫–∏–π –≥—Ä–∞—Ñ–∏–∫, –ø–æ–ª–Ω—ã–π –¥–µ–Ω—å, —É–¥–∞–ª–µ–Ω–Ω–∞—è —Ä–∞–±–æ—Ç–∞",6,11,–ö–∞–∑–∞—Ö—Å—Ç–∞–Ω,True
"frontend —Ä–∞–∑—Ä–∞–±–æ—Ç—á–∏–∫ (react, react-native), –ø—Ä–µ–ø–æ–¥–∞–≤–∞—Ç–µ–ª—å –æ–Ω–ª–∞–π–Ω –∫—É—Ä—Å–æ–≤ frontend –∏ backend —á–∞—Å—Ç–∏.","['–ü—Ä–æ–≥—Ä–∞–º–º–∏—Å—Ç, —Ä–∞–∑—Ä–∞–±–æ—Ç—á–∏–∫', '–£—á–∏—Ç–µ–ª—å, –ø—Ä–µ–ø–æ–¥–∞–≤–∞—Ç–µ–ª—å, –ø–µ–¥–∞–≥–æ–≥']",,29,"—á–∞—Å—Ç–∏—á–Ω–∞—è –∑–∞–Ω—è—Ç–æ—Å—Ç—å, –ø—Ä–æ–µ–∫—Ç–Ω–∞—è —Ä–∞–±–æ—Ç–∞, –ø–æ–ª–Ω–∞—è –∑–∞–Ω—è—Ç–æ—Å—Ç—å","–≥–∏–±–∫–∏–π –≥—Ä–∞—Ñ–∏–∫, –ø–æ–ª–Ω—ã–π –¥–µ–Ω—å, –≤–∞—Ö—Ç–æ–≤—ã–π –º–µ—Ç–æ–¥, —É–¥–∞–ª–µ–Ω–Ω–∞—è —Ä–∞–±–æ—Ç–∞",10,11,–ö–∞–∑–∞—Ö—Å—Ç–∞–Ω,True
–ì–ª–∞–≤–Ω—ã–π –∏–Ω–∂–µ–Ω–µ—Ä-–ø—Ä–æ–≥—Ä–∞–º–º–∏—Å—Ç,"['–ü—Ä–æ–≥—Ä–∞–º–º–∏—Å—Ç, —Ä–∞–∑—Ä–∞–±–æ—Ç—á–∏–∫']",449420.0,54,,,14,10,–ö–∞–∑–∞—Ö—Å—Ç–∞–Ω,True
Web-—Ä–∞–∑—Ä–∞–±–æ—Ç—á–∏–∫,"['–ü—Ä–æ–≥—Ä–∞–º–º–∏—Å—Ç, —Ä–∞–∑—Ä–∞–±–æ—Ç—á–∏–∫']",,,"—Å—Ç–∞–∂–∏—Ä–æ–≤–∫–∞, —á–∞—Å—Ç–∏—á–Ω–∞—è –∑–∞–Ω—è—Ç–æ—Å—Ç—å, –ø—Ä–æ–µ–∫—Ç–Ω–∞—è —Ä–∞–±–æ—Ç–∞, –ø–æ–ª–Ω–∞—è –∑–∞–Ω—è—Ç–æ—Å—Ç—å","–≥–∏–±–∫–∏–π –≥—Ä–∞—Ñ–∏–∫, –ø–æ–ª–Ω—ã–π –¥–µ–Ω—å, —Å–º–µ–Ω–Ω—ã–π –≥—Ä–∞—Ñ–∏–∫, —É–¥–∞–ª–µ–Ω–Ω–∞—è —Ä–∞–±–æ—Ç–∞",11,,–†–æ—Å—Å–∏—è,True
Frontend Developer (React / Vue),"['–ü—Ä–æ–≥—Ä–∞–º–º–∏—Å—Ç, —Ä–∞–∑—Ä–∞–±–æ—Ç—á–∏–∫']",,30,"—Å—Ç–∞–∂–∏—Ä–æ–≤–∫–∞, —á–∞—Å—Ç–∏—á–Ω–∞—è –∑–∞–Ω—è—Ç–æ—Å—Ç—å, –ø—Ä–æ–µ–∫—Ç–Ω–∞—è —Ä–∞–±–æ—Ç–∞, –ø–æ–ª–Ω–∞—è –∑–∞–Ω—è—Ç–æ—Å—Ç—å","–≥–∏–±–∫–∏–π –≥—Ä–∞—Ñ–∏–∫, –ø–æ–ª–Ω—ã–π –¥–µ–Ω—å, —Å–º–µ–Ω–Ω—ã–π –≥—Ä–∞—Ñ–∏–∫, —É–¥–∞–ª–µ–Ω–Ω–∞—è —Ä–∞–±–æ—Ç–∞",,,–ö–∞–∑–∞—Ö—Å—Ç–∞–Ω,True
"Frontend Developer (JS, React, Vue, TS)","['–ü—Ä–æ–≥—Ä–∞–º–º–∏—Å—Ç, —Ä–∞–∑—Ä–∞–±–æ—Ç—á–∏–∫']",500000,21,,,2,1,–ö–∞–∑–∞—Ö—Å—Ç–∞–Ω,True
"Web developer, Front End (React JS | Vue JS)","['Programmer, developer']",449420.0,26,,,3,9,–£–∑–±–µ–∫–∏—Å—Ç–∞–Ω,False
Frontend —Ä–∞–∑—Ä–∞–±–æ—Ç—á–∏–∫,"['–ü—Ä–æ–≥—Ä–∞–º–º–∏—Å—Ç, —Ä–∞–∑—Ä–∞–±–æ—Ç—á–∏–∫']",733200.0,21,,,1,3,–†–æ—Å—Å–∏—è,True
"React native dev, QA engineer, Front-end (angular), back-end (c#)","['–†—É–∫–æ–≤–æ–¥–∏—Ç–µ–ª—å –≥—Ä—É–ø–ø—ã —Ä–∞–∑—Ä–∞–±–æ—Ç–∫–∏', '–ü—Ä–æ–≥—Ä–∞–º–º–∏—Å—Ç, —Ä–∞–∑—Ä–∞–±–æ—Ç—á–∏–∫', '–¢–µ—Å—Ç–∏—Ä–æ–≤—â–∏–∫']",,30,–ø–æ–ª–Ω–∞—è –∑–∞–Ω—è—Ç–æ—Å—Ç—å,"–ø–æ–ª–Ω—ã–π –¥–µ–Ω—å, —É–¥–∞–ª–µ–Ω–Ω–∞—è —Ä–∞–±–æ—Ç–∞",8,9,–ö–∞–∑–∞—Ö—Å—Ç–∞–Ω,True
Frontend-—Ä–∞–∑—Ä–∞–±–æ—Ç—á–∏–∫,"['–ü—Ä–æ–≥—Ä–∞–º–º–∏—Å—Ç, —Ä–∞–∑—Ä–∞–±–æ—Ç—á–∏–∫']",,31,"–ø—Ä–æ–µ–∫—Ç–Ω–∞—è —Ä–∞–±–æ—Ç–∞, —á–∞—Å—Ç–∏—á–Ω–∞—è –∑–∞–Ω—è—Ç–æ—Å—Ç—å, –ø–æ–ª–Ω–∞—è –∑–∞–Ω—è—Ç–æ—Å—Ç—å","—É–¥–∞–ª–µ–Ω–Ω–∞—è —Ä–∞–±–æ—Ç–∞, –≥–∏–±–∫–∏–π –≥—Ä–∞—Ñ–∏–∫, –ø–æ–ª–Ω—ã–π –¥–µ–Ω—å",10,2,–†–æ—Å—Å–∏—è,True
Frontend-—Ä–∞–∑—Ä–∞–±–æ—Ç—á–∏–∫,"['–ü—Ä–æ–≥—Ä–∞–º–º–∏—Å—Ç, —Ä–∞–∑—Ä–∞–±–æ—Ç—á–∏–∫']",250000,25,,,3,5,–ö–∞–∑–∞—Ö—Å—Ç–∞–Ω,True
"Back:Python Django DRF, Front: React, MobileDev: React-Native","['–ü—Ä–æ–≥—Ä–∞–º–º–∏—Å—Ç, —Ä–∞–∑—Ä–∞–±–æ—Ç—á–∏–∫']",1000000,32,,,8,3,–ö–∞–∑–∞—Ö—Å—Ç–∞–Ω,True
Frontend Developer(React),['–î—Ä—É–≥–æ–µ'],150000,26,,,,,–ö–∞–∑–∞—Ö—Å—Ç–∞–Ω,True
Frontend-—Ä–∞–∑—Ä–∞–±–æ—Ç—á–∏–∫ JavaScript TypeScript React Vue Svelte,"['–ü—Ä–æ–≥—Ä–∞–º–º–∏—Å—Ç, —Ä–∞–∑—Ä–∞–±–æ—Ç—á–∏–∫']",,,"—Å—Ç–∞–∂–∏—Ä–æ–≤–∫–∞, —á–∞—Å—Ç–∏—á–Ω–∞—è –∑–∞–Ω—è—Ç–æ—Å—Ç—å, –ø—Ä–æ–µ–∫—Ç–Ω–∞—è —Ä–∞–±–æ—Ç–∞, –ø–æ–ª–Ω–∞—è –∑–∞–Ω—è—Ç–æ—Å—Ç—å","–ø–æ–ª–Ω—ã–π –¥–µ–Ω—å, —É–¥–∞–ª–µ–Ω–Ω–∞—è —Ä–∞–±–æ—Ç–∞",4,8,–†–æ—Å—Å–∏—è,True
Junior Front-end Software Engineer,['Other'],,22, part time,"flexible schedule, shift schedule, remote working",11,,–ö–∞–∑–∞—Ö—Å—Ç–∞–Ω,False
Frontend-—Ä–∞–∑—Ä–∞–±–æ—Ç—á–∏–∫,"['–ü—Ä–æ–≥—Ä–∞–º–º–∏—Å—Ç, —Ä–∞–∑—Ä–∞–±–æ—Ç—á–∏–∫']",,26,"—á–∞—Å—Ç–∏—á–Ω–∞—è –∑–∞–Ω—è—Ç–æ—Å—Ç—å, –ø—Ä–æ–µ–∫—Ç–Ω–∞—è —Ä–∞–±–æ—Ç–∞, –ø–æ–ª–Ω–∞—è –∑–∞–Ω—è—Ç–æ—Å—Ç—å","–≥–∏–±–∫–∏–π –≥—Ä–∞—Ñ–∏–∫, –ø–æ–ª–Ω—ã–π –¥–µ–Ω—å, —É–¥–∞–ª–µ–Ω–Ω–∞—è —Ä–∞–±–æ—Ç–∞",5,6,–ö–∞–∑–∞—Ö—Å—Ç–∞–Ω,True
Full-stack node.js developer,"['–ü—Ä–æ–≥—Ä–∞–º–º–∏—Å—Ç, —Ä–∞–∑—Ä–∞–±–æ—Ç—á–∏–∫']",,,—á–∞—Å—Ç–∏—á–Ω–∞—è –∑–∞–Ω—è—Ç–æ—Å—Ç—å,"—É–¥–∞–ª–µ–Ω–Ω–∞—è —Ä–∞–±–æ—Ç–∞, –≥–∏–±–∫–∏–π –≥—Ä–∞—Ñ–∏–∫, —Å–º–µ–Ω–Ω—ã–π –≥—Ä–∞—Ñ–∏–∫",2,6,–ö–∞–∑–∞—Ö—Å—Ç–∞–Ω,True
–ê–Ω–∞–ª–∏—Ç–∏–∫,['–ê–Ω–∞–ª–∏—Ç–∏–∫'],,25,"—á–∞—Å—Ç–∏—á–Ω–∞—è –∑–∞–Ω—è—Ç–æ—Å—Ç—å, –ø–æ–ª–Ω–∞—è –∑–∞–Ω—è—Ç–æ—Å—Ç—å","–≥–∏–±–∫–∏–π –≥—Ä–∞—Ñ–∏–∫, –ø–æ–ª–Ω—ã–π –¥–µ–Ω—å, —É–¥–∞–ª–µ–Ω–Ω–∞—è —Ä–∞–±–æ—Ç–∞",4,,–ö–∞–∑–∞—Ö—Å—Ç–∞–Ω,True
"Frontend —Ä–∞–∑—Ä–∞–±–æ—Ç—á–∏–∫ (Vue3/Vuex, React/Redux, JS,HTML,CSS,SCSS)","['–ü—Ä–æ–≥—Ä–∞–º–º–∏—Å—Ç, —Ä–∞–∑—Ä–∞–±–æ—Ç—á–∏–∫']",,27,–ø–æ–ª–Ω–∞—è –∑–∞–Ω—è—Ç–æ—Å—Ç—å,"–≥–∏–±–∫–∏–π –≥—Ä–∞—Ñ–∏–∫, –ø–æ–ª–Ω—ã–π –¥–µ–Ω—å, —É–¥–∞–ª–µ–Ω–Ω–∞—è —Ä–∞–±–æ—Ç–∞",1,2,–ö–∞–∑–∞—Ö—Å—Ç–∞–Ω,True
Front-end-—Ä–∞–∑—Ä–∞–±–æ—Ç—á–∏–∫,"['–ü—Ä–æ–≥—Ä–∞–º–º–∏—Å—Ç, —Ä–∞–∑—Ä–∞–±–æ—Ç—á–∏–∫']",,29,"—Å—Ç–∞–∂–∏—Ä–æ–≤–∫–∞, –ø–æ–ª–Ω–∞—è –∑–∞–Ω—è—Ç–æ—Å—Ç—å",–ø–æ–ª–Ω—ã–π –¥–µ–Ω—å,9,9,–ö–∞–∑–∞—Ö—Å—Ç–∞–Ω,True
Software Developer,"['Programmer, developer']",,23, full time,"remote working, flexible schedule, full day",1,3,–†–æ—Å—Å–∏—è,False
Frontend —Ä–∞–∑—Ä–∞–±–æ—Ç—á–∏–∫,"['Programmer, developer']",,41, full time,full day,9,,–ö–∞–∑–∞—Ö—Å—Ç–∞–Ω,False
–ü—Ä–æ–≥—Ä–∞–º–º–∏—Å—Ç-—Ä–∞–∑—Ä–∞–±–æ—Ç—á–∏–∫,"['–ü—Ä–æ–≥—Ä–∞–º–º–∏—Å—Ç, —Ä–∞–∑—Ä–∞–±–æ—Ç—á–∏–∫']",,24,"–ø—Ä–æ–µ–∫—Ç–Ω–∞—è —Ä–∞–±–æ—Ç–∞, –ø–æ–ª–Ω–∞—è –∑–∞–Ω—è—Ç–æ—Å—Ç—å","—É–¥–∞–ª–µ–Ω–Ω–∞—è —Ä–∞–±–æ—Ç–∞, –≥–∏–±–∫–∏–π –≥—Ä–∞—Ñ–∏–∫, –ø–æ–ª–Ω—ã–π –¥–µ–Ω—å",3,5,–ö–∞–∑–∞—Ö—Å—Ç–∞–Ω,True
Frontend developer,"['–ü—Ä–æ–≥—Ä–∞–º–º–∏—Å—Ç, —Ä–∞–∑—Ä–∞–±–æ—Ç—á–∏–∫']",,27,–ø–æ–ª–Ω–∞—è –∑–∞–Ω—è—Ç–æ—Å—Ç—å,"—É–¥–∞–ª–µ–Ω–Ω–∞—è —Ä–∞–±–æ—Ç–∞, –≥–∏–±–∫–∏–π –≥—Ä–∞—Ñ–∏–∫, –ø–æ–ª–Ω—ã–π –¥–µ–Ω—å",5,6,–ö–∞–∑–∞—Ö—Å—Ç–∞–Ω,True
Software Engineer,"['–ü—Ä–æ–≥—Ä–∞–º–º–∏—Å—Ç, —Ä–∞–∑—Ä–∞–±–æ—Ç—á–∏–∫']",,22,"–ø—Ä–æ–µ–∫—Ç–Ω–∞—è —Ä–∞–±–æ—Ç–∞, —á–∞—Å—Ç–∏—á–Ω–∞—è –∑–∞–Ω—è—Ç–æ—Å—Ç—å, –ø–æ–ª–Ω–∞—è –∑–∞–Ω—è—Ç–æ—Å—Ç—å","—É–¥–∞–ª–µ–Ω–Ω–∞—è —Ä–∞–±–æ—Ç–∞, –≥–∏–±–∫–∏–π –≥—Ä–∞—Ñ–∏–∫, –ø–æ–ª–Ω—ã–π –¥–µ–Ω—å, —Å–º–µ–Ω–Ω—ã–π –≥—Ä–∞—Ñ–∏–∫",2,7,–ö–∞–∑–∞—Ö—Å—Ç–∞–Ω,True
